gametype,gamecode,gamename,gameplat,lang,status,maintain,nameset,language
slot,2,GodOfChess,web,ko,TRUE,FALSE,갓 오브 체스,ko
,,,,th,,,เทพหมากรุก,th
,,,,vn,,,Chúa cờ vua,vn
,,,,id,,,Dewa Catur,id
,,,,pt-br,,,Deus do Xadrez,pt-br
,,,,zh-cn,,,棋圣,zh-cn
,,,,en,,,God Of Chess,en
slot,10,LuckyBats,web,ja,TRUE,FALSE,五福临门,zh-cn
,,,,en,,,ลัคกี้ แบท,th
,,,,zh-cn,,,Kelelawar Mujur,id
,,,,ko,,,Chú dơi may mắn,vn
,,,,pt-br,,,럭키 뱃,ko
,,,,es,,,Morcegos de Sorte,pt-br
,,,,th,,,Bates de la suerte,es
,,,,id,,,五福臨門,ja
,,,,vn,,,Lucky Bats,en
slot,35,Crazy NuoZha,web,vn,TRUE,FALSE,CRAZY NUOZHA,vn
,,,,id,,,CRAZY NUOZHA,id
,,,,pt-br,,,Nuozha Louca,pt-br
,,,,zh-cn,,,疯狂哪吒,zh-cn
,,,,en,,,Crazy Nuozha,en
,,,,ko,,,나타,ko
,,,,th,,,นาจาคลั่ง,th
slot,39,Apsaras,web,zh-cn,TRUE,FALSE,飞天,zh-cn
,,,,en,,,Apsaras,en
,,,,ko,,,압사라스,ko
,,,,th,,,นางอัปสร,th
,,,,vn,,,Apsaras,vn
,,,,id,,,Apsaras,id
,,,,pt-br,,,Apsaras,pt-br
slot,57,The Beast War,web,vn,TRUE,FALSE,Mythical Beings Melee,id
,,,,id,,,A Guerra das Feras,pt-br
,,,,pt-br,,,神兽争霸,zh-cn
,,,,zh-cn,,,The Beast War,en
,,,,en,,,더 비스트 워,ko
,,,,ko,,,สงครามสัตว์ในตำนาน,th
,,,,th,,,Cuộc chiến quái thú,vn
slot,54,Funny Alpaca,web,en,TRUE,FALSE,LẠC ĐÀ NGỘ NGHĨNH,vn
,,,,ko,,,FUNNY ALPACA,id
,,,,th,,,Alpaca Engraçada,pt-br
,,,,vn,,,火草泥马,zh-cn
,,,,id,,,Funny Alpaca,en
,,,,pt-br,,,퍼니 알파카,ko
,,,,zh-cn,,,อัลปากาสุขสันต์,th
slot,66,Fire777,web,ko,TRUE,FALSE,Fogo 777,pt-br
,,,,th,,,火爆777,zh-cn
,,,,vn,,,Fire 777,en
,,,,id,,,파이어 777,ko
,,,,pt-br,,,กงล้อเพลิง 777,th
,,,,zh-cn,,,Hỏa hoạn 777,vn
,,,,en,,,Fire 777,id
slot,69,FaCaiShen,web,vn,TRUE,FALSE,Fa Cai Shen,es
,,,,id,,,ฟาชัยเซ็น,th
,,,,en,,,Trò chơi Fa Cai Shen,vn
,,,,ko,,,福の神,ja
,,,,es,,,Fa Cai Shen,pt-br
,,,,th,,,发财神,zh-cn
,,,,ja,,,Fa Cai Shen,id
,,,,pt-br,,,Fa Cai Shen,en
,,,,zh-cn,,,재물신,ko
slot,70,WanBaoDino,web,th,TRUE,FALSE,완바오 다이너소어,ko
,,,,vn,,,ไดโนหวั่นเบ๋า,th
,,,,id,,,Wanbao Dino,vn
,,,,pt-br,,,Wanbao Dino,id
,,,,zh-cn,,,Wanbao Dino,pt-br
,,,,en,,,万饱龙,zh-cn
,,,,ko,,,Wanbao Dino,en
arcade,60,JungleParty,web,th,TRUE,FALSE,丛林舞会,zh-cn
,,,,vn,,,Jungle Party,en
,,,,id,,,정글 파티,ko
,,,,zh-cn,,,เกมจังเกิล ปาร์ตี้,th
,,,,en,,,BỮA TIỆC RỪNG XANH,vn
,,,,ko,,,JUNGLE PARTY,id
slot,72,HappyRichYear,web,th,TRUE,FALSE,Năm Mới Phát Tài,vn
,,,,vn,,,Happy Rich Year,id
,,,,id,,,Feliz ano rico,pt-br
,,,,pt-br,,,好运年年,zh-cn
,,,,zh-cn,,,Happy Rich Year,en
,,,,en,,,해피 리치 이어,ko
,,,,ko,,,เกมเศรษฐี,th
slot,74,Treasure Bowl,web,ko,TRUE,FALSE,트레저 보울,ko
,,,,th,,,กระถางมหาสมบัติ,th
,,,,vn,,,Chum vàng,vn
,,,,id,,,Treasure Bowl,id
,,,,pt-br,,,Tigela do Tesouro,pt-br
,,,,zh-cn,,,聚宝盆,zh-cn
,,,,en,,,Treasure Bowl,en
slot,76,WonWonWon,web,th,TRUE,FALSE,WonWonWon,id
,,,,vn,,,WonWonWon,pt-br
,,,,id,,,旺旺旺,zh-cn
,,,,pt-br,,,WonWonWon,en
,,,,zh-cn,,,운수대통,ko
,,,,en,,,เฮงเฮงเฮง,th
,,,,ko,,,Hoan hô,vn
slot,77,RedPhoenix,web,th,TRUE,FALSE,Red Phoenix,en
,,,,vn,,,레드 포닉스,ko
,,,,id,,,โฟนิกซ์สีแดง,th
,,,,pt-br,,,Phượng Hoàng Đỏ,vn
,,,,zh-cn,,,Red Phoenix,id
,,,,en,,,Fênix Vermelha,pt-br
,,,,ko,,,火凤凰,zh-cn
slot,78,Apollo,web,ko,TRUE,FALSE,아폴로,ko
,,,,th,,,อพอลโล,th
,,,,vn,,,Apollo,vn
,,,,es,,,Apolo,es
,,,,id,,,Apollo,id
,,,,pt-br,,,Apollo,pt-br
,,,,zh-cn,,,阿波罗,zh-cn
,,,,en,,,Apollo,en
slot,80,Poseidon,web,th,TRUE,FALSE,Poseidon,en
,,,,vn,,,포세이돈,ko
,,,,id,,,โพไซดอน,th
,,,,pt-br,,,VUA THỦY TỀ,vn
,,,,zh-cn,,,Poseidon,id
,,,,en,,,Poseidon,pt-br
,,,,ko,,,传奇海神,zh-cn
arcade,61,Mr. Bean,web,zh-cn,TRUE,FALSE,Mr. Bean,id
,,,,en,,,미스터 빈,ko
,,,,id,,,มิสเตอร์บีน,th
,,,,ko,,,Mr. Bean,vn
,,,,th,,,天天吃豆,zh-cn
,,,,vn,,,Mr. Bean,en
slot,55,Dragon Heart,web,zh-cn,TRUE,FALSE,魔龙传奇,zh-cn
,,,,en,,,Dragon Heart,en
,,,,ko,,,드래곤 하트,ko
,,,,th,,,หัวใจมังกร,th
,,,,vn,,,Tim rồng,vn
,,,,es,,,Corazón de dragón,es
,,,,id,,,Dragonheart,id
,,,,pt-br,,,Coração de Dragão,pt-br
slot,68,WuKong & Peaches,web,pt-br,TRUE,FALSE,Ngộ Không & Quả Đào Tiên,vn
,,,,zh-cn,,,Wukong & Peaches,id
,,,,en,,,Wukong e Pêssegos,pt-br
,,,,ko,,,悟空偷桃,zh-cn
,,,,th,,,Wukong & Peaches,en
,,,,vn,,,우공과 피치,ko
,,,,id,,,หงอคงและลูกท้อ,th
slot,204,LuckyBoxes,web,zh-cn,TRUE,FALSE,百宝箱,zh-cn
,,,,en,,,LuckyBoxes,en
,,,,ko,,,럭키 박스,ko
slot,83,FireQueen,web,th,TRUE,FALSE,Fire Queen,en
,,,,en,,,RATU API,id
,,,,ko,,,파이어 퀸,ko
,,,,vn,,,NỮ HOÀNG LỬA,vn
,,,,zh-cn,,,火之女王,zh-cn
,,,,es,,,Reina del fuego,es
,,,,pt-br,,,Rainha do Fogo,pt-br
,,,,ja,,,ราชินีเพลิง,th
,,,,id,,,ファイアクイーン,ja
slot,1074,TreasureBowlJP,web,th,TRUE,FALSE,Treasure Bowl Jackpot,id
,,,,vn,,,트레저 보울 잭팟,ko
,,,,zh-cn,,,กระถางมหาสมบัติ แจ็คพ็อต,th
,,,,en,,,Chum vàng Giải độc đắc,vn
,,,,id,,,聚宝盆JP,zh-cn
,,,,ko,,,Treasure Bowl JP,en
slot,1010,LuckyBatsJP,web,zh-cn,TRUE,FALSE,Kelelawar Mujur Jackpot,id
,,,,en,,,럭키 뱃 잭팟,ko
,,,,id,,,ลัคกี้ แบท แจ็คพ็อต,th
,,,,ko,,,Chú dơi may mắn Giải độc đắc,vn
,,,,th,,,五福临门JP,zh-cn
,,,,vn,,,Lucky Bats JP,en
slot,1067,GoldenEggsJP,web,ko,TRUE,FALSE,Golden Eggs JP,en
,,,,th,,,GOLDEN EGGS Jackpot,id
,,,,vn,,,골든 에그 잭팟,ko
,,,,zh-cn,,,ไข่ทองคำ แจ็คพ็อต,th
,,,,en,,,TRỨNG VÀNG Giải độc đắc,vn
,,,,id,,,赚金蛋JP,zh-cn
slot,92,WorldCupRussia2018,web,th,TRUE,FALSE,World Cup tại Nga 2018,vn
,,,,vn,,,Piala dunia 2018,id
,,,,id,,,Copa do Mundo Rússia 2018,pt-br
,,,,pt-br,,,2018世界杯,zh-cn
,,,,zh-cn,,,World Cup Russia2018,en
,,,,en,,,2018 러시아 월드컵,ko
,,,,ko,,,ฟุตบอลโลก2018,th
slot,86,RunningToro,web,zh-cn,TRUE,FALSE,RunningToro,en
,,,,en,,,Toro corriendo,es
,,,,es,,,เกมส์ราชากระทิงนําโชค,th
,,,,th,,,牛逼快跑,zh-cn
slot,95,FootballBoots,web,id,TRUE,FALSE,풋볼 부츠,ko
,,,,pt-br,,,ฟุตบอล รองเท้าบูท,th
,,,,zh-cn,,,Giày bóng đá,vn
,,,,en,,,Sepak bola Sepatu,id
,,,,ko,,,Chuteiras de Futebol,pt-br
,,,,th,,,世界杯球鞋,zh-cn
,,,,vn,,,Football Boots,en
slot,96,Football Baby,web,pt-br,TRUE,FALSE,풋볼 베이비,ko
,,,,zh-cn,,,ฟุตบอล ทารก,th
,,,,en,,,Trẻ nhỏ chơi bóng,vn
,,,,ko,,,Sepak bola bayi,id
,,,,th,,,Bebê de Futebol,pt-br
,,,,vn,,,足球宝贝,zh-cn
,,,,id,,,Football Baby,en
slot,98,All Star Team,web,ko,TRUE,FALSE,Piala Dunia All-Star,id
,,,,th,,,Equipe All Star,pt-br
,,,,vn,,,世界杯全明星,zh-cn
,,,,id,,,All Star Team,en
,,,,pt-br,,,모든 스타 팀,ko
,,,,zh-cn,,,ฟุตบอลโลกทีมสตาร์,th
,,,,en,,,Đội bóng toàn ngôi sao,vn
slot,105,JumpingMobile,"web,mobile",pt-br,TRUE,FALSE,Jumping Mobile,en
,,,,es,,,점핑 모바일,ko
,,,,id,,,Pulo Mobile,pt-br
,,,,vn,,,Salto Móvil,es
,,,,en,,,Lompat Tinggi Bergerak,id
,,,,ko,,,กระโดดสูง M,th
,,,,th,,,Jumping Mobile,vn
,,,,ja,,,ジャンピング モバイル,ja
,,,,zh-cn,,,单手跳高高,zh-cn
slot,104,ChickyParmParm,web,en,TRUE,FALSE,ChickyParmParm,en
,,,,zh-cn,,,海滨消消乐,zh-cn
slot,122,Zuma Wild,web,zh-cn,TRUE,FALSE,印加祖玛,zh-cn
,,,,en,,,Zuma Wild,en
,,,,ko,,,캔디 주마,ko
,,,,es,,,Comodín Zuma,es
,,,,pt-br,,,Zuma Louco,pt-br
slot,131,Fa Cai Shen M,web,en,TRUE,FALSE,直式发财神,zh-cn
,,,,ko,,,Fa Cai Shen M,en
,,,,th,,,재물신 M,ko
,,,,pt-br,,,ฟาชัยเซ็น M,th
,,,,zh-cn,,,Fa Cai Shen M,pt-br
slot,113,Flying Cai Shen,web,th,TRUE,FALSE,플라잉 재물신,ko
,,,,pt-br,,,เทพแห่งโชคลาภลอยฟ้า,th
,,,,zh-cn,,,Cai Shen Voador,pt-br
,,,,en,,,飞天财神,zh-cn
,,,,ko,,,Flying Cai Shen,en
slot,146,Sky Lanterns,web,en,TRUE,FALSE,Sky Lanterns,en
,,,,ko,,,스카이 랜턴,ko
,,,,zh-cn,,,九连宝灯,zh-cn
slot,147,Flower Fortunes,web,en,TRUE,FALSE,花开富贵,zh-cn
,,,,th,,,Flower Fortunes,en
,,,,zh-cn,,,ดอกไม้นำโชค,th
slot,148,Fortune Totem,web,zh-cn,TRUE,FALSE,有如神柱,zh-cn
,,,,en,,,Fortune Totem,en
,,,,es,,,Tótem de la fortuna,es
,,,,th,,,โทเทมนำโชค,th
slot,157,5 Boxing,web,zh-cn,TRUE,FALSE,五形拳,zh-cn
,,,,en,,,5 Boxing,en
,,,,th,,,5 กล่อง,th
slot,150,Shou-Xin,web,zh-cn,TRUE,FALSE,Shou-Xin,ko
,,,,en,,,寿星大发,zh-cn
,,,,th,,,Shou-Xin,en
,,,,ko,,,โชล-ซิน,th
slot,182,Thor 2,web,ko,TRUE,FALSE,토르 2,ko
,,,,zh-cn,,,雷神2,zh-cn
,,,,en,,,Thor 2,en
,,,,th,,,ธอร์ 2,th
slot,qatestemma0714,emma0714,mobile,zh-cn,TRUE,TRUE,emma0714,zh-cn
,,,,zh-tw,,,emma0714,zh-tw
,,,,en,,,emma0714,en
slot,197,Dragon's Treasure,web,th,TRUE,FALSE,สมบัติของมังกร,th
,,,,ko,,,용의 보물,ko
,,,,zh-cn,,,盘龙秘宝,zh-cn
,,,,en,,,Dragon's Treasure,en
slot,199,Songkran Festival,web,ko,TRUE,FALSE,欢乐泼水节,zh-cn
,,,,zh-cn,,,Songkran Festival,en
,,,,en,,,เทศกาล สงกรานต์,th
,,,,th,,,송크란 축제,ko
sport,qatesttest11250337,test11250337,mobile,zh-cn,TRUE,TRUE,test11250337,zh-cn
slot,208,Money Tree,web,th,TRUE,FALSE,ต้นไม้ เงิน,th
,,,,zh-cn,,,金钱树,zh-cn
,,,,en,,,Money Tree,en
arcade,207,Thai HILO,web,th,TRUE,FALSE,泰式骰宝,zh-cn
,,,,zh-cn,,,Thai HILO,en
,,,,en,,,ไทย HILO,th
slot,209,The Cupids,web,en,TRUE,FALSE,The Cupids,en
,,,,th,,,คิวปิด,th
,,,,zh-cn,,,小爱神,zh-cn
slot,1,FruitKing,web,zh-cn,TRUE,FALSE,후르츠 킹,ko
,,,,en,,,Fruta Rei,pt-br
,,,,id,,,ราชาผลไม้,th
,,,,ko,,,Vua trái cây,vn
,,,,pt-br,,,钻石水果王,zh-cn
,,,,th,,,Fruit King,en
,,,,vn,,,Raja Buah,id
slot,5,Mr.Rich,web,th,TRUE,FALSE,金大款,zh-cn
,,,,vn,,,Mr. Rich,en
,,,,id,,,미스터 리치,ko
,,,,pt-br,,,ท่านเศรษฐี,th
,,,,zh-cn,,,Ông Rich,vn
,,,,en,,,Tn. Kaya,id
,,,,ko,,,Mr. Rico,pt-br
slot,8,SoSweet,web,id,TRUE,FALSE,Manis Sekali,id
,,,,pt-br,,,Tão Doce,pt-br
,,,,zh-cn,,,甜蜜蜜,zh-cn
,,,,en,,,So Sweet,en
,,,,ko,,,소 스위트,ko
,,,,th,,,เถี่ยนมี่มี่,th
,,,,vn,,,Thật ngọt ngào,vn
slot,12,TreasureHouse,web,vn,TRUE,FALSE,Tesouraria,pt-br
,,,,id,,,金玉满堂,zh-cn
,,,,pt-br,,,Treasure House,en
,,,,zh-cn,,,트래져 하우스,ko
,,,,en,,,บ้านขุมทรัพย์,th
,,,,ko,,,Kho báu,vn
,,,,th,,,Rumah Harta Karun,id
slot,16,Super5,web,en,TRUE,FALSE,Super5,id
,,,,ko,,,Super5,pt-br
,,,,th,,,五行,zh-cn
,,,,vn,,,Super5,en
,,,,id,,,오행,ko
,,,,pt-br,,,ซุปเปอร์ 5,th
,,,,zh-cn,,,Super5,vn
slot,36,Pub Tycoon,web,zh-cn,TRUE,FALSE,夜店大亨,zh-cn
,,,,en,,,Pub Tycoon,en
,,,,ko,,,펍 타이쿤,ko
,,,,th,,,เสี่ยเจ้าของผับ,th
,,,,vn,,,PubTycoon,vn
,,,,id,,,PubTycoon,id
slot,58,GuGuGu2,web,pt-br,TRUE,FALSE,ปีใหม่ ไก่กุ๊กกุ๊ก 2,th
,,,,zh-cn,,,Năm Đinh Dậu 2,vn
,,,,en,,,Gu Gu Gu 2,es
,,,,ko,,,New Year Rooster 2,id
,,,,th,,,Gu Gu Gu 2,pt-br
,,,,vn,,,金鸡报囍2,zh-cn
,,,,es,,,Gu Gu Gu 2,en
,,,,id,,,Gu Gu Gu 2,ko
slot,64,Zeus,web,ja,TRUE,FALSE,Zeus,id
,,,,id,,,宙斯,zh-cn
,,,,zh-cn,,,제우스,ko
,,,,ko,,,Zeus,en
,,,,vn,,,ゼウス,ja
,,,,es,,,Zeus,pt-br
,,,,en,,,เทพซีอุส,th
,,,,pt-br,,,Thần sấm,vn
,,,,th,,,Zeus,es
slot,205,DiscoNight,web,ko,TRUE,FALSE,蹦迪,zh-cn
,,,,zh-cn,,,DiscoNight,en
,,,,en,,,เกมส์ดิสโก้ไนท์,th
,,,,th,,,Noche de discoteca,es
,,,,es,,,ディスコナイト,ja
,,,,ja,,,디스코 나이트,ko
slot,81,TreasureIsland,web,vn,TRUE,FALSE,Ilha do Tesouro,pt-br
,,,,id,,,金银岛,zh-cn
,,,,pt-br,,,Treasure Island,en
,,,,zh-cn,,,보물섬,ko
,,,,en,,,เทรเชอร์ ไอส์แลนด์,th
,,,,ko,,,Đảo Kho Báu,vn
,,,,th,,,Pulau Harta,id
slot,AS08,Golden Mayan,"web,mobile",en,TRUE,FALSE,Golden Mayan,en
,,,,zh-cn,,,黄金玛雅,zh-cn
slot,AS09,Hollywood Pets,"web,mobile",en,TRUE,FALSE,Hollywood Pets,en
,,,,zh-cn,,,好莱坞宠物,zh-cn
slot,AS10,Lucky 3,"web,mobile",en,TRUE,FALSE,Lucky 3,en
,,,,zh-cn,,,幸运3,zh-cn
slot,AS17,Treasure of Seti,"web,mobile",en,TRUE,FALSE,Treasure of Seti,en
,,,,zh-cn,,,塞特的宝藏,zh-cn
slot,AS18,Wild Fudge,"web,mobile",en,TRUE,FALSE,疯狂软糖,zh-cn
,,,,zh-cn,,,Wild Fudge,en
slot,AS19,Xmas Tales,"web,mobile",en,TRUE,FALSE,Xmas Tales,en
,,,,zh-cn,,,圣诞故事,zh-cn
slot,AS20,Queen Of Dead,"web,mobile",zh-cn,TRUE,FALSE,死亡女王,zh-cn
,,,,en,,,Queen Of Dead,en
slot,99,Jump Higher,web,en,TRUE,FALSE,Jump Higher,en
,,,,th,,,เกมส์กระโดดสูง,th
,,,,es,,,Jump Higher,vn
,,,,zh-cn,,,Salta más alto,es
,,,,id,,,跳更高,zh-cn
,,,,vn,,,점프 하이어,ko
,,,,ko,,,Melompat lebih tinggi,id
,,,,ja,,,もっとジャンプハイ,ja
,,,,pt-br,,,Pule mais alto,pt-br
slot,103,JewelLuxury,web,zh-cn,TRUE,FALSE,宝石配对,zh-cn
,,,,en,,,JewelLuxury,en
slot,102,FruityCarnival,web,zh-cn,TRUE,FALSE,水果派对,zh-cn
,,,,en,,,FruityCarnival,en
slot,118,SkrSkr,web,ko,TRUE,FALSE,SkrSkr,ko
,,,,pt-br,,,SkrSkr,pt-br
,,,,zh-cn,,,老司机,zh-cn
,,,,en,,,SkrSkr,en
slot,130,Gold Stealer,web,zh-cn,TRUE,FALSE,偷金妹子,zh-cn
,,,,en,,,Gold Stealer,en
,,,,ko,,,황금 도둑,ko
,,,,pt-br,,,Ladrão de Ouro,pt-br
slot,135,Gu Gu Gu M,web,pt-br,TRUE,FALSE,Gu Gu Gu M,pt-br
,,,,zh-cn,,,直式金鸡报喜,zh-cn
,,,,en,,,Gu Gu Gu M,en
,,,,ko,,,Gu Gu Gu M,ko
slot,136,Running Animals,web,pt-br,TRUE,FALSE,Animais em execução,pt-br
,,,,zh-cn,,,奔跑吧猛兽,zh-cn
,,,,en,,,Running Animals,en
,,,,ko,,,러닝 애니몰,ko
,,,,es,,,Animales corriendo,es
slot,137,Disco Night M,web,th,TRUE,FALSE,Noite de Discoteca M,pt-br
,,,,ja,,,直式蹦迪,zh-cn
,,,,pt-br,,,Disco Night M,en
,,,,zh-cn,,,디스코 나이트 M,ko
,,,,en,,,ดิสโก้ไนท์ M,th
,,,,ko,,,ディスコナイト M,ja
slot,138,Move n' Jump,web,ja,TRUE,FALSE,มูฟแอนด์จัมป์,th
,,,,pt-br,,,Salta pa'ca,es
,,,,zh-cn,,,ムーブ＆ジャンプ,ja
,,,,en,,,Mover e pular,pt-br
,,,,ko,,,跳过来,zh-cn
,,,,th,,,Move n' Jump,en
,,,,es,,,움직이고 점프하기,ko
slot,139,Fire Chibi M,web,en,TRUE,FALSE,Fire Chibi M,en
,,,,ko,,,파이어 치비 M,ko
,,,,pt-br,,,Chibi de Fogo M,pt-br
,,,,zh-cn,,,直式火烧连环船,zh-cn
slot,140,Fire Chibi 2,web,th,TRUE,FALSE,火烧连环船2,zh-cn
,,,,pt-br,,,Fire Chibi 2,en
,,,,zh-cn,,,파이어 치비 2,ko
,,,,en,,,เปลวไฟแห่งความร่ำรวย 2,th
,,,,ko,,,Chibi de Fogo 2,pt-br
slot,141,Xmas,web,en,TRUE,FALSE,Xmas,en
,,,,zh-cn,,,圣诞来啦,zh-cn
slot,142,Hephaestus,web,ko,TRUE,FALSE,헤파이토스,ko
,,,,zh-cn,,,火神,zh-cn
,,,,en,,,Hephaestus,en
slot,143,Fa Cai Fu Wa,web,zh-cn,TRUE,FALSE,发财福娃,zh-cn
,,,,en,,,Fa Cai Fu Wa,en
,,,,th,,,ฟา ไฉ ฟู วา,th
slot,144,Diamond Treasure,web,ko,TRUE,FALSE,다이아몬드 트레져,ko
,,,,zh-cn,,,钻更多,zh-cn
,,,,en,,,Diamond Treasure,en
fish,AT01,Oneshot Fishing,"web,mobile",vn,TRUE,FALSE,원 슛 피싱,ko
,,,,zh-cn,,,Рыбалка одним выстрелом,ru
,,,,en,,,จับปลานัดเดียว,th
,,,,ko,,,Bắn Cá One Shot,vn
,,,,ru,,,一炮捕鱼,zh-cn
,,,,th,,,Oneshot Fishing,en
slot,112,Pyramid Raider,web,en,TRUE,FALSE,Incursor da pirâmide,pt-br
,,,,es,,,Đột Kích Kim Tự Tháp,vn
,,,,ko,,,Asaltante de Pirámide,es
,,,,id,,,피라미드 라이더,ko
,,,,ja,,,ผู้บุกรุก ปิรามิด,th
,,,,zh-cn,,,Penjarah Piramida,id
,,,,pt-br,,,ピラミッドの侵入者,ja
,,,,vn,,,盗法老墓,zh-cn
,,,,th,,,Pyramid Raider,en
slot,152,Double Fly,web,zh-cn,TRUE,FALSE,ดับเบิลฟลาย,th
,,,,en,,,双飞,zh-cn
,,,,th,,,Double Fly,en
slot,153,Six Candy,web,ko,TRUE,FALSE,六颗糖,zh-cn
,,,,th,,,Six Candy,en
,,,,es,,,식스 캔디,ko
,,,,ja,,,ซิกแคนดี้,th
,,,,zh-cn,,,Seis carameros,es
,,,,en,,,シックスキャンディ,ja
slot,154,Kronos,web,zh-cn,TRUE,FALSE,宙斯他爹,zh-cn
,,,,en,,,Kronos,en
,,,,th,,,โครนอส,th
slot,160,Fa Cai Shen2,web,en,TRUE,FALSE,ฟาชัยเซ็น 2,th
,,,,th,,,发财神2,zh-cn
,,,,zh-cn,,,Fa Cai Shen2,en
slot,163,Ne Zha Advent,web,en,TRUE,FALSE,Ne Zha Advent,en
,,,,zh-cn,,,哪吒再临,zh-cn
slot,161,Heracles,web,es,TRUE,FALSE,Hercules,en
,,,,ko,,,เฮอร์คิวลิส,th
,,,,zh-cn,,,Hércules,es
,,,,en,,,Hercules,ko
,,,,th,,,大力神,zh-cn
slot,171,Greek Gods,web,zh-cn,TRUE,FALSE,希腊众神,zh-cn
,,,,en,,,Greek Gods,en
,,,,ko,,,그리스 신들,ko
,,,,th,,,เทพเจ้ากรีก,th
slot,173,6 Toros,web,zh-cn,TRUE,FALSE,666,zh-cn
,,,,en,,,6 Toros,en
,,,,th,,,6 โทรอส,th
slot,183,Wolf Disco,web,en,TRUE,FALSE,วูฟดิสโก้,th
,,,,th,,,늑대 디스코,ko
,,,,ko,,,野狼Disco,zh-cn
,,,,zh-cn,,,Wolf Disco,en
lotto,qatest1124,1124,mobile,zh-cn,TRUE,FALSE,1124,zh-cn
table,qatesttest11250332,test11250332,mobile,zh-cn,TRUE,FALSE,test11250332,zh-cn
live,CA01,Yaxing Live,"mobile,web",zh-cn,TRUE,FALSE,Yaxing Live,en
,,,,en,,,亚星真人,zh-cn
slot,4,WildTarzan,web,ko,TRUE,FALSE,森林泰后,zh-cn
,,,,th,,,Wild Tarzan,en
,,,,vn,,,와일드 타잔,ko
,,,,id,,,ทาร์ซานป่า,th
,,,,pt-br,,,Tarzan hoang dã,vn
,,,,zh-cn,,,Tarzan Liar,id
,,,,en,,,Tarzan Selvagem,pt-br
slot,9,ZhongKui,web,zh-cn,TRUE,FALSE,Zhong Kui,en
,,,,en,,,종규,ko
,,,,ko,,,จงขุ่ย,th
,,,,th,,,Zhong Kui,vn
,,,,vn,,,Zhong Kui,es
,,,,es,,,Zhong Kui,id
,,,,id,,,Zhong Kui,pt-br
,,,,pt-br,,,钟馗运财,zh-cn
slot,13,SakuraLegend,web,th,TRUE,FALSE,樱花妹子,zh-cn
,,,,vn,,,Sakura Legend,en
,,,,id,,,사쿠라 레전드,ko
,,,,pt-br,,,ตำนานซากุระ,th
,,,,zh-cn,,,Truyền thuyết Sakura,vn
,,,,en,,,Legenda Sakura,id
,,,,ko,,,Lenda Sakura,pt-br
slot,17,GreatLion,web,ko,TRUE,FALSE,Grande Leão,pt-br
,,,,th,,,祥狮献瑞,zh-cn
,,,,vn,,,Great Lion,en
,,,,id,,,그레이트 라이언,ko
,,,,pt-br,,,สิงโตให้มงคล,th
,,,,zh-cn,,,Sư tử lớn,vn
,,,,en,,,Singa Besar,id
slot,201,MuayThai,web,es,TRUE,FALSE,MuayThai,en
,,,,ko,,,มวยไทย,th
,,,,zh-cn,,,Muay Thai,es
,,,,en,,,무에타이,ko
,,,,th,,,拳霸,zh-cn
slot,203,RaveHigh,web,ko,TRUE,FALSE,레이브 하이,ko
,,,,th,,,มันส์ๆหน่อยเซ่,th
,,,,zh-cn,,,嗨起来,zh-cn
,,,,en,,,RaveHigh,en
,,,,es,,,Rave High,es
slot,79,chameleon,web,es,TRUE,FALSE,Chameleon,vn
,,,,id,,,Camaleón,es
,,,,pt-br,,,Bunglon,id
,,,,zh-cn,,,Camaleão,pt-br
,,,,en,,,变色龙,zh-cn
,,,,ko,,,Chameleon,en
,,,,th,,,카멜레온,ko
,,,,vn,,,กิ้งก่า,th
slot,89,Thor,web,zh-cn,TRUE,FALSE,Thor,vn
,,,,en,,,ธอร์,th
,,,,vn,,,Thor,id
,,,,th,,,토르,ko
,,,,pt-br,,,Thor,pt-br
,,,,es,,,雷神,zh-cn
,,,,ja,,,Thor,en
,,,,id,,,Thor,es
,,,,ko,,,ソー,ja
slot,AS01,Boots of Luck,"web,mobile",en,TRUE,FALSE,Boots of Luck,en
,,,,zh-cn,,,运气靴,zh-cn
slot,AS02,Cirque de fous,"web,mobile",en,TRUE,FALSE,Cirque de fous,en
,,,,zh-cn,,,疯狂马戏团,zh-cn
slot,AS03,Dragon Hunters,"web,mobile",en,TRUE,FALSE,Dragon Hunters,en
,,,,zh-cn,,,驯龙高手,zh-cn
slot,121,Rave Jump 2 M,web,zh-cn,TRUE,FALSE,直式跳起来2,zh-cn
,,,,en,,,Rave Jump 2 M,en
,,,,ko,,,레이브 점프 2 M,ko
,,,,pt-br,,,Rave Jump 2 M,pt-br
slot,124,Invincible Elephant,web,en,TRUE,FALSE,Elefante invencible,es
,,,,es,,,ช้างคงกระพัน,th
,,,,th,,,锁象无敌,zh-cn
,,,,zh-cn,,,Invincible Elephant,en
slot,125,Zeus M,web,pt-br,TRUE,FALSE,Zeus M,pt-br
,,,,zh-cn,,,直式宙斯,zh-cn
,,,,en,,,Zeus M,en
,,,,ko,,,제우스 M,ko
,,,,th,,,เทพซีอุส M,th
slot,127,God of War M,web,th,TRUE,FALSE,God of War M,en
,,,,ja,,,갓 오브 워 M,ko
,,,,pt-br,,,สงครามเทพ M,th
,,,,zh-cn,,,ゴッドオブウォー M,ja
,,,,en,,,Deus da Guerra M,pt-br
,,,,ko,,,直式武圣,zh-cn
slot,128,WheelMoney,web,th,TRUE,FALSE,Dinheiro da Roda,pt-br
,,,,pt-br,,,转大钱,zh-cn
,,,,zh-cn,,,WheelMoney,en
,,,,en,,,휠 머니,ko
,,,,ko,,,วีลมันนี่,th
slot,129,Gu Gu Gu 2 M,web,zh-cn,TRUE,FALSE,直式金鸡报喜2,zh-cn
,,,,en,,,Gu Gu Gu 2 M,en
,,,,ko,,,Gu Gu Gu 2 M ,ko
,,,,es,,,Gu Gu Gu 2 M,es
,,,,pt-br,,,Gu Gu Gu 2 M,pt-br
slot,133,Good Fortune M,web,th,TRUE,FALSE,直式鸿福齐天,zh-cn
,,,,pt-br,,,Good Fortune M,en
,,,,zh-cn,,,ความโชคดี M,th
,,,,en,,,Boa Sorte M,pt-br
slot,AS33,Pig Of Luck,"mobile,web",zh-cn,TRUE,FALSE,Pig Of Luck,en
,,,,en,,,猪的运气,zh-cn
slot,3,VampireKiss,web,en,TRUE,FALSE,뱀파이어 키스,ko
,,,,es,,,Nụ hôn ma cà rồng,vn
,,,,vn,,,血の接吻,ja
,,,,ja,,,Beijo do Vampiro,pt-br
,,,,pt-br,,,รอยจูบผี,th
,,,,th,,,Ciuman Vampir,id
,,,,id,,,血之吻,zh-cn
,,,,zh-cn,,,Vampire Kiss,en
,,,,ko,,,Beso de vampiro,es
slot,7,RaveJump,web,en,TRUE,FALSE,เรพจั๊ม,th
,,,,zh-cn,,,Rave Jump,en
,,,,vn,,,Salto Rave,pt-br
,,,,es,,,레이브 점프,ko
,,,,ja,,,Rave Jump,id
,,,,th,,,レイヴ・ジャンプ,ja
,,,,pt-br,,,跳起来,zh-cn
,,,,ko,,,Rave Jump,vn
,,,,id,,,Salto rave,es
slot,15,GuGuGu,web,id,TRUE,FALSE,GuGuGu,id
,,,,pt-br,,,GuGuGu,pt-br
,,,,zh-cn,,,金鸡报喜,zh-cn
,,,,en,,,GuGuGu,en
,,,,ko,,,GuGuGu,ko
,,,,th,,,ไก่ทองประกาศข่างดี,th
,,,,vn,,,GuGuGu,vn
,,,,es,,,Quiquiriqui,es
slot,19,HotSpin,web,vn,TRUE,FALSE,Quay nóng,vn
,,,,id,,,Putaran Seru,id
,,,,pt-br,,,Giro Quente,pt-br
,,,,zh-cn,,,风火轮,zh-cn
,,,,en,,,Hot Spin,en
,,,,ko,,,핫 스핀,ko
,,,,th,,,ล้อไฟลม,th
slot,20,888,web,en,TRUE,FALSE,888,pt-br
,,,,ko,,,发发发,zh-cn
,,,,th,,,888,en
,,,,vn,,,888,ko
,,,,id,,,888,th
,,,,pt-br,,,888,vn
,,,,zh-cn,,,888,id
slot,21,BigWolf,web,zh-cn,TRUE,FALSE,Truyền thuyết chó sói,vn
,,,,en,,,Legenda Serigala,id
,,,,ko,,,Lobo Grande,pt-br
,,,,th,,,野狼传说,zh-cn
,,,,vn,,,Big Wolf,en
,,,,id,,,빅 울프,ko
,,,,pt-br,,,ตำนานหมาป่า,th
slot,22,MonkeyOfficeLegend,web,id,TRUE,FALSE,Legenda Pejabat Kera,id
,,,,pt-br,,,Lenda do Macaco,pt-br
,,,,zh-cn,,,庶务西游二课,zh-cn
,,,,en,,,Monkey Office Legend,en
,,,,ko,,,몽키 오피스 레전드,ko
,,,,th,,,ไซอิ๋ว,th
,,,,vn,,,Truyền thuyết ngôi nhà khỉ,vn
slot,23,YuanBao,web,vn,TRUE,FALSE,Yuan Bao,vn
,,,,id,,,Yuan Bao,id
,,,,pt-br,,,Yuan Bao,pt-br
,,,,zh-cn,,,金元宝,zh-cn
,,,,en,,,Yuan Bao,en
,,,,ko,,,금원보,ko
,,,,th,,,หยวนเบา,th
slot,24,RaveJump2,web,ja,TRUE,FALSE,Rave Jump2,pt-br
,,,,vn,,,เรพจั๊ม 2,th
,,,,id,,,レイヴジャンプ2,ja
,,,,en,,,Rave Jump2,vn
,,,,pt-br,,,Rave Jump 2,es
,,,,th,,,Rave Jump2,id
,,,,es,,,레이브 점프 2,ko
,,,,ko,,,跳起来2,zh-cn
,,,,zh-cn,,,Rave Jump2,en
slot,26,777,web,vn,TRUE,FALSE,777,ko
,,,,es,,,777,th
,,,,id,,,777,vn
,,,,pt-br,,,777,es
,,,,zh-cn,,,777,id
,,,,en,,,777,pt-br
,,,,ko,,,777,zh-cn
,,,,th,,,777,en
slot,27,Magic World,web,en,TRUE,FALSE,เมจิกเวิลด์,th
,,,,ko,,,Thế giới phép thuật,vn
,,,,th,,,Dunia Sihir,id
,,,,vn,,,Mundo Mágico,pt-br
,,,,id,,,魔法世界,zh-cn
,,,,pt-br,,,Magic World,en
,,,,zh-cn,,,매직 월드,ko
slot,29,WaterWorld,web,id,TRUE,FALSE,dunia air,id
,,,,pt-br,,,Mundo Aquático,pt-br
,,,,zh-cn,,,水世界,zh-cn
,,,,en,,,WaterWorld,en
,,,,ko,,,워터월드,ko
,,,,th,,,โลกใต้น้ำ,th
,,,,vn,,,Thế giới nước,vn
slot,31,God of War,web,id,TRUE,FALSE,สงครามเทพ,th
,,,,ja,,,Dewa Perang,id
,,,,ko,,,Deus da Guerra,pt-br
,,,,en,,,武圣,zh-cn
,,,,vn,,,ゴッド・オブ・ウォー,ja
,,,,es,,,갓 오브 워,ko
,,,,th,,,God of War,en
,,,,pt-br,,,Thần chiến tranh,vn
,,,,zh-cn,,,Dios de la Guerra,es
slot,32,Detective Dee,web,vn,TRUE,FALSE,Detetive Dee,pt-br
,,,,id,,,通天神探狄仁杰,zh-cn
,,,,pt-br,,,Detective Dee,en
,,,,zh-cn,,,명탐정 디,ko
,,,,en,,,นักสืบคดี,th
,,,,ko,,,Thám tử Dee,vn
,,,,th,,,Dee Detektif,id
slot,33,Fire Chibi,web,ko,TRUE,FALSE,파이어 치비,ko
,,,,th,,,เปลวไฟแห่งความร่ำรวย,th
,,,,vn,,,Ngọn lửa Chibi,vn
,,,,id,,,Chibi Api,id
,,,,pt-br,,,Chibi de Fogo,pt-br
,,,,zh-cn,,,火烧连环船,zh-cn
,,,,en,,,Fire Chibi,en
slot,34,Gophers War,web,th,TRUE,FALSE,Perang Tikus,id
,,,,vn,,,Pregueado de Guerra,pt-br
,,,,id,,,地鼠战役,zh-cn
,,,,pt-br,,,Gophers War,en
,,,,zh-cn,,,고퍼 워,ko
,,,,en,,,สงครามหนู,th
,,,,ko,,,Chiến tranh chuột túi,vn
slot,38,All Wilds,web,en,TRUE,FALSE,ป่าทั้งหมด,th
,,,,ko,,,Tất cả vùng hoang dã,vn
,,,,th,,,Semua Binatang Liar,id
,,,,vn,,,Todos os loucos,pt-br
,,,,id,,,舞力全开,zh-cn
,,,,pt-br,,,All Wilds,en
,,,,zh-cn,,,올 와일드,ko
slot,42,Sherlock Holmes,web,vn,TRUE,FALSE,เชอร์ล็อค โฮล์มส์,th
,,,,id,,,Sherlock Holmes,vn
,,,,pt-br,,,Sherlock Holmes,id
,,,,zh-cn,,,Sherlock Holmes,pt-br
,,,,en,,,福尔摩斯,zh-cn
,,,,ko,,,Sherlock Holmes,en
,,,,th,,,셜록 홈즈,ko
slot,44,FruitKingII,web,en,TRUE,FALSE,Fruta Rei II,pt-br
,,,,ko,,,豪华水果王,zh-cn
,,,,th,,,Fruit King II,en
,,,,vn,,,후르츠 킹 II,ko
,,,,id,,,คิงผลไม้อัพเกร็ท,th
,,,,pt-br,,,Vua trái cây Deluxe,vn
,,,,zh-cn,,,Raja Buah Mewah,id
slot,46,Wolf Moon,web,ko,TRUE,FALSE,狼月,zh-cn
,,,,th,,,Wolf Moon,en
,,,,vn,,,울프 문,ko
,,,,id,,,ดวงจันทร์หมาป่า,th
,,,,pt-br,,,Trăng sói,vn
,,,,zh-cn,,,Bulan Serigala,id
,,,,en,,,Lobo da Lua,pt-br
slot,47,Pharaoh's Gold,web,ko,TRUE,FALSE,Emas Firaun,id
,,,,th,,,Ouro do Faraó,pt-br
,,,,vn,,,法老宝藏,zh-cn
,,,,id,,,Pharaoh's Gold,en
,,,,pt-br,,,파라오 골드,ko
,,,,zh-cn,,,ทองของฟาโรห์,th
,,,,en,,,Vàng Pharaoh,vn
slot,49,Lonely Planet,web,vn,TRUE,FALSE,Planet Kesepian,id
,,,,id,,,Planeta Solitário,pt-br
,,,,pt-br,,,寂寞星球,zh-cn
,,,,zh-cn,,,Lonely Planet,en
,,,,en,,,론리 플래닛,ko
,,,,ko,,,ดาวเคราะห์เหงา,th
,,,,th,,,Hành tinh cô đơn,vn
slot,50,Good Fortune,web,ko,TRUE,FALSE,Vận mệnh tốt,vn
,,,,id,,,굿 포춘,ko
,,,,es,,,Boa Sorte,pt-br
,,,,ja,,,鸿福齐天,zh-cn
,,,,vn,,,Good Fortune,en
,,,,pt-br,,,Nasib Baik,id
,,,,zh-cn,,,โชคดีมีชัย,th
,,,,en,,,Buena fortuna,es
,,,,th,,,グッドフォーチュン,ja
slot,51,Ecstatic Circus,web,en,TRUE,FALSE,Ecstatic Circus,en
,,,,ko,,,엑스타틱 서커스,ko
,,,,th,,,สุขสันต์ละครสัตว์,th
,,,,vn,,,Xiếc xuất thần,vn
,,,,es,,,Circo frenético,es
,,,,id,,,Sirkus Ekstatik,id
,,,,pt-br,,,Circo em êxtase,pt-br
,,,,zh-cn,,,嗨爆大马戏,zh-cn
slot,52,Jump High,web,zh-cn,TRUE,FALSE,跳高高,zh-cn
,,,,th,,,กระโดดสูง,th
,,,,id,,,Jump High,vn
,,,,ko,,,Lompat Tinggi,id
,,,,en,,,점프 하이,ko
,,,,pt-br,,,Jump High,en
,,,,ja,,,Saltar Alto,pt-br
,,,,vn,,,Salto alto,es
,,,,es,,,ジャンプハイ,ja
slot,202,OrientalBeauty,web,zh-cn,TRUE,FALSE,舞媚娘,zh-cn
,,,,en,,,OrientalBeauty,en
,,,,ko,,,오리엔탈 뷰티,ko
slot,67,GoldenEggs,web,id,TRUE,FALSE,골든 에그,ko
,,,,pt-br,,,ไข่ทองคำ,th
,,,,zh-cn,,,TRỨNG VÀNG,vn
,,,,en,,,GOLDEN EGGS,id
,,,,ko,,,Ovos de Ouro,pt-br
,,,,th,,,赚金蛋,zh-cn
,,,,vn,,,Golden Eggs,en
fish,AB3,Paradise,web,ja,TRUE,FALSE,Paradise,en
,,,,ko,,,ホエールジャーニー,ja
,,,,th,,,고래 여행,ko
,,,,vn,,,การเดินทางของปลาวาฬ,th
,,,,zh-cn,,,Trại Cá Hoàng Kim,vn
,,,,en,,,皇金渔场,zh-cn
slot,59,SummerMood,web,vn,TRUE,FALSE,섬머 무드,ko
,,,,id,,,กอริลลาซัมเมอร์,th
,,,,pt-br,,,Gorilla Summer,vn
,,,,zh-cn,,,Gorilla Summer,id
,,,,en,,,Humor de Verão,pt-br
,,,,ko,,,夏日猩情,zh-cn
,,,,th,,,Summer Mood,en
slot,180,Gu Gu Gu 3,web,en,TRUE,FALSE,Gu Gu Gu 3,en
,,,,th,,,ปีใหม่ ไก่กุ๊กกุ๊ก 3,th
,,,,ko,,,Gu Gu Gu 3,ko
,,,,zh-cn,,,金鸡报囍3,zh-cn
slot,179,Jump High 2,web,zh-cn,TRUE,FALSE,跳高高2,zh-cn
,,,,en,,,Jump High 2,en
,,,,th,,,กระโดดสูง 2,th
,,,,es,,,Saltar alto 2,es
,,,,ja,,,ジャンプハイ 2,ja
,,,,ko,,,점프 하이 2,ko
arcade,GO169,Dragon Pachinko,web,zh-cn,TRUE,FALSE,มังกร ปาจิงโกะ,th
,,,,en,,,Rồng ChiêuＴài Bi Thép,vn
,,,,th,,,招财龙小钢珠,zh-cn
,,,,vn,,,Dragon Pachinko,en
lotto,AA01,CQ9 彩票,"mobile,web",en,TRUE,TRUE,CQ9 lottery,en
,,,,vn,,,Xổ số CQ9,vn
,,,,zh-cn,,,CQ9 彩票,zh-cn
,,,,zh-tw,,,CQ9 彩票,zh-tw
slot,185,Dragon Ball,web,en,TRUE,FALSE,Dragon Ball,en
,,,,th,,,ดรากอนส์ บอล,th
,,,,ja,,,竜火の玉,ja
,,,,ko,,,드래곤 볼,ko
,,,,zh-cn,,,龙珠,zh-cn
slot,186,Fire Queen 2,web,th,TRUE,FALSE,ราชินีเพลิง 2,th
,,,,ko,,,파이어 퀸 2,ko
,,,,zh-cn,,,火之女王2,zh-cn
,,,,en,,,Fire Queen 2,en
slot,195,Lord Ganesha,web,zh-cn,TRUE,FALSE,富贵象,zh-cn
,,,,en,,,Lord Ganesha,en
,,,,th,,,พระพิฆเนศ,th
,,,,ko,,,가네샤,ko
arcade,196,Tenfold Eggs,web,en,TRUE,FALSE,十倍金喜,zh-cn
,,,,th,,,Tenfold Eggs,en
,,,,ja,,,ไข่เต็นฟอลด์,th
,,,,zh-cn,,,テンフォールド・エッグス,ja
arcade,200,Alice Run,web,zh-cn,TRUE,FALSE,跑跑爱丽丝,zh-cn
,,,,en,,,Alice Run,en
,,,,th,,,อลิซรัน,th
slot,AS04,Fortune Spirits,"web,mobile",en,TRUE,FALSE,Fortune Spirits,en
,,,,zh-cn,,,财富幽灵,zh-cn
slot,108,Jump Higher mobile,web,id,TRUE,FALSE,Salto más alto Móvil,es
,,,,es,,,Pulo Alto Mobile,pt-br
,,,,pt-br,,,直式跳更高,zh-cn
,,,,vn,,,Jump Higher Mobile,en
,,,,th,,,점프 하이어 모바일,ko
,,,,ja,,,เกมส์กระโดดสูง M,th
,,,,zh-cn,,,Jump Higher Mobile,vn
,,,,en,,,もっとジャンプハイ モバイル,ja
,,,,ko,,,Melompat lebih tinggi Bergerak,id
slot,109,Rave Jump Mobile,web,ja,TRUE,FALSE,Rave Jump Bergerak,id
,,,,es,,,レイヴ・ジャンプ モバイル,ja
,,,,th,,,单手跳起来,zh-cn
,,,,id,,,Rave Jump Mobile,vn
,,,,zh-cn,,,Pulo Delírio Mobile,pt-br
,,,,vn,,,Rave Jump Mobile,en
,,,,pt-br,,,레이브 점프 모바일,ko
,,,,en,,,Salto rave Móvil,es
,,,,ko,,,เรพจั๊ม M,th
slot,111,Fly Out,web,id,TRUE,FALSE,Terbang,id
,,,,pt-br,,,Voar para fora,pt-br
,,,,es,,,Volar,es
,,,,ko,,,飞起来,zh-cn
,,,,zh-cn,,,飛翔,ja
,,,,ja,,,Fly Out,en
,,,,en,,,ทะยานขึ้นฟ้า,th
,,,,th,,,Fly Out,vn
,,,,vn,,,플라이 아웃,ko
slot,115,Snow Queen,web,pt-br,TRUE,FALSE,Rainha do Gelo,pt-br
,,,,zh-cn,,,冰雪女王,zh-cn
,,,,en,,,Snow Queen,en
,,,,ko,,,스노우 퀸,ko
,,,,th,,,ราชินีหิมะ,th
,,,,es,,,Reina de la nieve,es
slot,116,Wonderland,web,zh-cn,TRUE,FALSE,梦游仙境,zh-cn
,,,,en,,,Wonderland,en
,,,,ko,,,이상한 나라,ko
,,,,th,,,แดนมหัศจรรย์,th
,,,,pt-br,,,País das Maravilhas,pt-br
slot,117,5 God beasts,web,en,TRUE,FALSE,5 God beasts,en
,,,,ko,,,5 갓 비스트,ko
,,,,th,,,5 เทพอสูร,th
,,,,es,,,5 bestias de dios,es
,,,,pt-br,,,5 Bestas de Deus,pt-br
,,,,zh-cn,,,东方神起,zh-cn
slot,221,Detective Dee 2,web,en,TRUE,FALSE,狄仁杰四大天王,zh-cn
,,,,zh-cn,,,Detective Dee 2,en
slot,123,Lucky Bats M,web,th,TRUE,FALSE,Morcegos de Sorte M,pt-br
,,,,pt-br,,,直式五福临门,zh-cn
,,,,zh-cn,,,Lucky Bats M,en
,,,,en,,,럭키 뱃 M,ko
,,,,ko,,,ลัคกี้ แบท M,th
slot,132,Meow,web,pt-br,TRUE,FALSE,Miau,pt-br
,,,,zh-cn,,,再喵一个,zh-cn
,,,,en,,,Meow,en
,,,,ko,,,야옹,ko
fish,AT05,LuckyFishing,web,vn,TRUE,FALSE,欢乐捕鱼,zh-cn
,,,,zh-cn,,,LuckyFishing,en
,,,,en,,,Pesca con suerte,es
,,,,es,,,럭키 피싱,ko
,,,,ko,,,Удачная рыбалка,ru
,,,,ru,,,ตกปลานำโชค,th
,,,,th,,,Bắn Cá Vui Vẻ,vn
slot,184,Six Gacha,web,zh-cn,TRUE,FALSE,六颗扭蛋,zh-cn
,,,,en,,,Six Gacha,en
,,,,ko,,,식스 가차,ko
table,BT02,Banker Dice Bull-Bull,web,th,TRUE,FALSE,Banker Dice Bull-Bull,en
,,,,vn,,,ลูกเต๋าเจ้ามือ กระทิง-กระทิง,th
,,,,zh-cn,,,Ngầu Hầm Lắc,vn
,,,,en,,,抢庄骰子牛牛,zh-cn
slot,187,Wing Chun,web,th,TRUE,FALSE,หย่งชุน,th
,,,,ko,,,윙춘,ko
,,,,zh-cn,,,咏春,zh-cn
,,,,en,,,Wing Chun,en
slot,188,Cricket Fever,web,en,TRUE,FALSE,Cricket Fever,en
,,,,ko,,,크리켓 열병,ko
,,,,th,,,คริกเก็ตบ้าคลั่ง,th
,,,,zh-cn,,,板球狂热,zh-cn
slot,194,Fortune Dragon,web,ko,TRUE,FALSE,포춘 드래곤,ko
,,,,zh-cn,,,飞龙在天,zh-cn
,,,,en,,,Fortune Dragon,en
,,,,th,,,มังกรแห่งโชคลาภ,th
table,BT03,Peeking Banker Bull-Bull,web,vn,TRUE,FALSE,Peeking Banker Bull-Bull,en
,,,,zh-cn,,,ชิงเจ้า ไพ่ Bull-Bull,th
,,,,en,,,Giành nhà cái xem bài,vn
,,,,th,,,抢庄眯牌牛牛,zh-cn
arcade,AT101,奔驰宝马,web,en,TRUE,FALSE,Supercars,en
,,,,zh-cn,,,奔驰宝马,zh-cn
slot,5007,Da Fa Cai,web,th,TRUE,FALSE,大发财,zh-cn
,,,,zh-cn,,,Da Fa Cai,en
,,,,en,,,ดา ฟ้า ใช้,th
slot,5008,Da Hong Zhong,web,th,TRUE,FALSE,ดา หงส์ จง,th
,,,,zh-cn,,,大红中,zh-cn
,,,,en,,,Da Hong Zhong,en
slot,5009,Uproar in Heaven,web,vn,TRUE,FALSE,천국의 소란,ko
,,,,ko,,,大闹天宫,zh-cn
,,,,zh-cn,,,Uproar in Heaven,en
,,,,en,,,ความโกลาหลในสวรรค์,th
,,,,th,,,Đại Náo Thiên Cung,vn
slot,206,Sweet POP,web,zh-cn,TRUE,FALSE,甜蜜暴击,zh-cn
,,,,en,,,Sweet POP,en
,,,,th,,,ป๊อป หวาน,th
slot,210,Oo Ga Cha Ka,web,zh-cn,TRUE,FALSE,呜嘎吓嘎,zh-cn
,,,,en,,,Oo Ga Cha Ka,en
,,,,th,,,อู กา ชา ก้า,th
slot,212,Burning Xi-You,web,zh-cn,TRUE,FALSE,火爆西游,zh-cn
,,,,en,,,Burning Xi-You,en
,,,,th,,,ไซอิ๋วลุกเป็นไฟ,th
arcade,213,Mini Roulette,web,th,TRUE,FALSE,มินิรูเล็ต,th
,,,,zh-cn,,,迷你轮盘,zh-cn
,,,,en,,,Mini Roulette,en
slot,214,Ninja Raccoon,web,en,TRUE,FALSE,Ninja Raccoon,en
,,,,th,,,นินจา แรคคูน,th
,,,,zh-cn,,,忍者浣熊,zh-cn
arcade,GO01,Dragon Ball Dozer,"web,mobile",en,TRUE,FALSE,Dragon Ball Dozer,en
,,,,th,,,ดราก้อนบอล Dozer,th
,,,,vn,,,Ngọc Rồng Đẩy Xu,vn
,,,,zh-cn,,,龙珠推币机,zh-cn
slot,qatest0428,qatest0428,"mobile,web",zh-cn,TRUE,FALSE,qatest0428,zh-cn
arcade,GB1,３２１发射,"web,mobile",th,TRUE,FALSE,3 2 1 พุ่งจ๊วดดด,th
,,,,zh-tw,,,３２１發射,zh-tw
,,,,zh-cn,,,３２１发射,zh-cn
,,,,en,,,3 2 1 Go!,en
,,,,ko,,,3 2 1 발사,ko
arcade,GB198,Hanuman Bingo,"web,mobile",th,TRUE,FALSE,หนุมานบิงโก,th
,,,,zh-cn,,,彩猴宾果,zh-cn
,,,,en,,,Hanuman Bingo,en
slot,215,Hot Pinatas,web,en,TRUE,FALSE,เผ็ชซี้ด,th
,,,,th,,,辣爆了,zh-cn
,,,,zh-cn,,,Hot Pinatas,en
slot,211,King of Atlantis,web,en,TRUE,FALSE,King of Atlantis,en
,,,,th,,,คิงออฟแอตแลนติส,th
,,,,zh-cn,,,海王,zh-cn
slot,GB2,怪兽猎人,web,zh-cn,TRUE,FALSE,Monster Hunter,en
,,,,en,,,มอนสเตอร์ ฮันเตอร์,th
,,,,th,,,몬스터 헌터,ko
,,,,ko,,,怪兽猎人,zh-cn
arcade,216,Xoc Dia,web,th,TRUE,FALSE,色碟,zh-cn
,,,,zh-cn,,,Xoc Dia,en
,,,,en,,,เหรียญสีนำโชค,th
arcade,217,Mahjong Fruit,web,zh-cn,TRUE,FALSE,麻将水果盘,zh-cn
,,,,en,,,Mahjong Fruit,en
,,,,th,,,มาจองฟรุ้ต,th
slot,177,Aladdin's lamp,web,en,TRUE,FALSE,Aladdin's lamp,en
,,,,th,,,จินนี่จ๋า,th
,,,,zh-cn,,,小伙与神灯,zh-cn
slot,GB6,富贵小象神,web,zh-cn,TRUE,FALSE,富贵小象神,zh-cn
,,,,en,,,Ganesha Jr.,en
,,,,ko,,,작은 코끼리신,ko
,,,,th,,,พระพิฆเนศน้อย  ผู้มั่งคั่ง,th
,,,,vn,,,Thần Voi Phú Quý,vn
slot,218,Dollar Bomb,web,zh-cn,TRUE,FALSE,达拉崩吧,zh-cn
,,,,en,,,Dollar Bomb,en
,,,,th,,,ดอลล่าร์ บอม,th
slot,219,King Kong Shake,web,zh-cn,TRUE,FALSE,金猩特调,zh-cn
,,,,th,,,คิงคอง เชค,th
,,,,en,,,King Kong Shake,en
slot,220,Floating Market,web,zh-cn,TRUE,FALSE,这市集绝了,zh-cn
,,,,en,,,Floating Market,en
,,,,th,,,ตลาดน้ำดำเนินโชค,th
slot,222,Loy Krathong,web,zh-cn,TRUE,FALSE,水上泰神祈,zh-cn
,,,,en,,,Loy Krathong,en
,,,,th,,,ลอย ลอย กระทง,th
slot,GB3,转转金币,"mobile,web",th,TRUE,FALSE,Coin Spinner,en
,,,,ko,,,Coin Spinner,th
,,,,zh-cn,,,코인 스피너,ko
,,,,en,,,转转金币,zh-cn
fish,GO02,Hero Fishing,web,zh-cn,TRUE,FALSE,ฮีโร่  นักยิงปลา,th
,,,,en,,,ANH HÙNG BẮN CÁ,vn
,,,,th,,,英雄捕鱼,zh-cn
,,,,vn,,,Hero Fishing,en
arcade,1200,Alice Run JP,web,th,TRUE,FALSE,อลิซรัน แจ็คพ็อต,th
,,,,zh-cn,,,跑跑爱丽丝JP,zh-cn
,,,,en,,,Alice Run JP,en
slot,GB5,热音DJ,"mobile,web",th,TRUE,FALSE,핫 DJ,ko
,,,,ko,,,热音DJ,zh-cn
,,,,zh-cn,,,Hot DJ,en
,,,,en,,,ดีเจสุดฮอต,th
slot,GB8,金鲤敲钟,"mobile,web",en,TRUE,FALSE,Dragon Koi,en
,,,,th,,,ปลาคราฟ มังกร,th
,,,,ko,,,드래곤 코이,ko
,,,,zh-cn,,,金鲤敲钟,zh-cn
sport,CF01,CF體育投注,"mobile,web",zh-tw,TRUE,TRUE,sportsbook,en
,,,,en,,,CF体育投注,zh-cn
,,,,zh-cn,,,CF體育投注,zh-tw
slot,223,Acrobatics,web,zh-cn,TRUE,FALSE,百戏,zh-cn
,,,,en,,,Acrobatics,en
,,,,th,,,นักกายกรรม,th
,,,,ko,,,곡예,ko
arcade,GB11,泰式鱼虾蟹,"mobile,web",vn,TRUE,FALSE,타이 생선 새우 게,ko
,,,,zh-cn,,,น้ำเต้าปูปลา,th
,,,,en,,,Bầu Cua Tôm Cá Thái,vn
,,,,ko,,,泰式鱼虾蟹,zh-cn
,,,,th,,,Thai Fish Prawn Crab,en
slot,226,Lucky Tigers,web,zh-cn,TRUE,FALSE,多虎多财,zh-cn
,,,,en,,,Lucky Tigers,en
,,,,th,,,เสือน้อยสุดเฮง,th
,,,,ko,,,럭키 타이거,ko
live,GINKGO01,Motivation,web,zh-tw,TRUE,FALSE,motivation,ja
,,,,en,,,motivation,zh-cn
,,,,ja,,,motivation,zh-tw
,,,,zh-cn,,,motivation,en
slot,225,Mr. Miser,web,th,TRUE,FALSE,Mr. Miser,en
,,,,zh-cn,,,재물광 요정,ko
,,,,en,,,ภูติจิ๋วเฝ้าทรัพย์,th
,,,,ko,,,财迷小妖,zh-cn
arcade,224,K.O. Island,web,en,TRUE,FALSE,เกาะผจญภัย,th
,,,,ko,,,冒险岛,zh-cn
,,,,th,,,K.O. Island,en
,,,,zh-cn,,,모험섬,ko
sport,qatest05,qatest05,"mobile,web",zh-cn,TRUE,FALSE,qatest05,zh-cn
table,GO03,Thai Pok Deng,web,en,TRUE,FALSE,Thai Pok Deng,en
,,,,th,,,ป๊อกเด้งไทย,th
,,,,zh-cn,,,泰式博丁,zh-cn
slot,227,888 Cai Shen,web,zh-cn,TRUE,FALSE,发发发财神,zh-cn
,,,,en,,,888 Cai Shen,en
,,,,ko,,,대박 재물신,ko
,,,,th,,,ฟาชัยเซ็น แจกไม่อั้น,th
slot,GB9,足球狂熱,web,th,TRUE,FALSE,ฟุตบอลฟีเวอร์,th
,,,,zh-cn,,,足球狂热,zh-cn
,,,,en,,,Football Fever,en
,,,,ko,,,축구 열풍,ko
slot,228,Mirror Mirror,web,zh-cn,TRUE,FALSE,魔镜魔镜,zh-cn
,,,,en,,,Mirror Mirror,en
,,,,ko,,,미러미러,ko
,,,,th,,,กระจกวิเศษ,th
slot,229,Night City,web,zh-cn,TRUE,FALSE,不夜城,zh-cn
,,,,en,,,Night City,en
,,,,ko,,,불야성,ko
,,,,th,,,ตะลุยราตรี,th
slot,GB12,鸣梁,"web,mobile",vn,TRUE,FALSE,Đại thủy chiến,vn
,,,,zh-cn,,,鸣梁,zh-cn
,,,,en,,,Myeong-ryang,en
,,,,ko,,,명량,ko
,,,,th,,,ขุนพลคลื่นคำราม,th
arcade,GB10,通比花鬪牌,"mobile,web",en,TRUE,FALSE,Seotda,en
,,,,ko,,,섯다,ko
,,,,zh-cn,,,通比花鬪牌,zh-cn
slot,230,Baseball Fever,web,th,TRUE,FALSE,열혈야구,ko
,,,,zh-cn,,,เบสบอส นักหวดมือฉมัง,th
,,,,en,,,棒球狂热,zh-cn
,,,,ko,,,Baseball Fever,en
slot,GB13,直式足球狂热,web,ko,TRUE,FALSE,Football Fever M,en
,,,,th,,,축구 열풍 M,ko
,,,,vn,,,ฟุตบอลฟีเวอร์ M,th
,,,,zh-cn,,,Bóng Đá Cuồng Nhiệt M,vn
,,,,en,,,直式足球狂热,zh-cn
slot,231,Striker WILD,web,en,TRUE,FALSE,Striker WILD,en
,,,,ko,,,태극전사,ko
,,,,th,,,กองหน้าเพชฌฆาต,th
,,,,zh-cn,,,狂野前锋,zh-cn
slot,241,The Chicken House,web,th,TRUE,FALSE,The Chicken House,en
,,,,zh-cn,,,치킨 하우스 ,ko
,,,,en,,,กุ๊กกุ๊กไก่,th
,,,,ko,,,咕咕鸡,zh-cn
arcade,GB7,神鬼秘宝,web,zh-cn,TRUE,FALSE,神鬼秘宝,zh-cn
,,,,en,,,Mummy's Treasure,en
,,,,ko,,,미라의 보물,ko
,,,,th,,,คลังสมบัติมัมมี่,th
slot,GB15,三国英雄-曹操,web,ko,TRUE,FALSE,삼국지 영웅 - 조조,ko
,,,,th,,,วีรบุรุษแห่ง 3 ก๊ก - โจโฉ,th
,,,,vn,,,Anh Hùng Tam Quốc - Tào Tháo,vn
,,,,zh-cn,,,三国英雄-曹操,zh-cn
,,,,en,,,Hero of the 3 Kingdoms - Cao Cao,en